PIDN,Ca,P,pH,SOC,Sand
09gt9UK5,-0.1038616282035083,1.0261695608031085,0.4021325615588311,-0.5778350088022689,0.14086504882594417
0BVvxJ6a,-0.33028799160624167,-0.3316320863119532,0.5166122473830457,-0.2944507150176637,0.8985606938163622
0KbdgApg,-0.35923449858130563,-0.2605285906672115,0.18962934969711825,-0.3958579204553765,0.7547540836540619
0MnuuduB,-0.4004603340402608,-0.21762585604469495,-0.4107437656111154,0.20467075068430338,-0.0055526862824550015
0PcIsF9z,-0.325451424189197,-0.26929080441772707,-0.5109644192038109,-0.4379650469174229,0.3595146258130082
0ShTFLYJ,-0.3965444693244767,-0.32225551269010283,0.26290587077169675,-0.6404621600750602,1.543472255481129
0XZh9jka,-0.4115348892391616,-0.3444250257580317,-0.3953501887018526,0.5039254818050007,-1.107239347507289
0Y7Wegri,-0.42142865611957603,-0.295113423940934,0.33087759423750257,-0.1652929555515862,0.5748855557383012
0dTqplIM,-0.4219722701440645,-0.2393325314244012,-0.21620820404166174,-0.3544665753347073,-0.23047449035226558
0lNiZicC,-0.17807823772088804,-0.281022159225638,-0.013646427009212276,-0.7541924479669423,1.112189870719059
0rGeJ0QN,-0.32519321913849236,0.10567811967268542,0.03135803012225471,-0.19905072898784945,-0.06434200912465177
0sXI9ytQ,-0.2995278853709383,-0.25289849672584747,0.08665603323866877,0.09923810855384049,0.49473713976653605
0ukt4aP6,3.104706235019384,-0.019681640288618615,0.3661507899252971,1.0406646861347113,-0.8048017821291591
1AGspb8f,-0.35334855406978793,-0.26877076461853106,-0.2431586026108339,-0.5720197564416244,-0.2547117303553678
1Csy0gvE,-0.4136493789083296,-0.2820547449068112,-0.3247847258191422,-0.37865679534755986,0.2554136687541041
1Ic2hly1,-0.40016693092616856,0.05344622182862954,-0.45621350649547,0.16970933105692138,-0.21544453402763447
1PPbaTwt,-0.3140951565963615,0.6639120447125114,-0.590367931728879,-0.6173178438368164,0.03622883929273398
1SO5VJNy,-0.4261777214420154,0.3162857825157566,-0.2355976179973454,-0.24088730632181943,0.6924216262229992
1arHxK3Y,1.894912676086477,0.6325823652186621,1.3288596500904075,0.20477579980909005,-0.5784155538159471
1fCW4Bba,-0.3621621510046123,0.19345837727761298,-0.42750391412838035,-0.35644355449619103,1.0292409230422244
1qDZNvIm,-0.4312905905590603,-0.2248897607599655,-0.6907276216494521,-0.159241772185703,0.03373806349962618
28LYJC2V,-0.28973717129609644,0.18325586091227367,-0.12983374419168545,-0.19119572109971297,0.513362694378175
2CzACvQq,0.2635204068143277,-0.18305016981531325,1.657761267933319,-0.23919155987559051,-0.017363575027992833
2FT3crfv,-0.44803777065772465,-0.2503124121713129,-0.00668796852811337,-0.30664793086570086,-0.3194153962074158
2Fy2uHVg,-0.37575007544240346,-0.2793473644963916,-0.495829930829976,-0.22260643971583313,-0.8519022355358219
2MkMEApm,-0.2802188152105854,-0.3072420015219044,-0.655384503428224,-0.0011698817321677477,0.44699642441000026
2NDGWEOe,0.4364472871849008,0.07351094007829631,1.2247415453077686,-0.6321509072712385,0.060690695485935225
2NyyCiqn,-0.4174388450522086,0.275590825634563,-0.34827615623273733,-0.40804032901597276,0.23701489160777356
2QRzIb84,0.46789163832107483,0.7742633887315205,1.6830450297456705,-0.3167797607474231,-0.1513291002274674
2QcbdrUZ,-0.45681325742755435,-0.19738125781626978,0.1756208286323371,-0.5825709991354419,0.18280816547094583
2YgAimWK,-0.38842421369922137,-0.26764811025954754,-0.04310137981065113,-0.00034440434492922546,0.3423687212772281
2cx85d9H,-0.2632605324366893,-0.3314940386201746,-0.0715298151747362,-0.6307056670976539,0.8077110863236705
2homMXMV,-0.37128987031027494,-0.09841683335838122,-0.021479059575968528,-0.4763161786995253,0.32040716168421385
2ldLrUtq,-0.3443562053406698,-0.28154780348142855,0.43098318663933133,-0.4482826481074659,0.05774686958030567
2nsACW6G,-0.3154877134296609,-0.22928372500540187,-0.7916169853968111,0.7034992552108149,-0.4243765407326304
2yMbVnWc,-0.20517212625846604,-0.025032951030122024,-0.31586518101673966,0.2321030772809905,-0.24211224357038474
36r8sgGQ,-0.41423538189686815,-0.17351303005178365,-0.5105574892504068,-0.625548895371649,0.4721141139529351
3NXAXCl3,-0.4267644026544466,-0.35497571031425657,-0.651525196708758,0.3134829733297826,-0.9249382784647151
3QG0z6fl,-0.15325585140899053,-0.33939484864636177,-0.1711230582903284,-0.5007273924247433,0.7610544019807783
3WS8R9qm,-0.2608233400461174,-0.34947834266692107,-0.6907456019779313,0.023960836305253537,-1.1449270156328923
3fRLm8f5,-0.30618331306042545,-0.25848922464163854,-0.21176937586199301,-0.6843197535028325,-0.07244549628029374
3mZhp1nQ,-0.3867047903109572,-0.1144619157660052,0.5596080966694232,0.00010059814540307053,0.13130467812804325
3pikJXRL,-0.41347598007095676,-0.3237152023343951,-0.7484768313510514,0.31844626704994194,-0.32947989022025975
3pxOEGHL,-0.4357907859980638,-0.31639182434295227,-0.2335477535088879,-0.43728035500335466,0.6628501307470542
3ttdV3f5,0.2617968760058534,-0.053296769946885626,-0.491952005484787,0.7734399701534785,-0.19881723823246056
3v4X6Mfe,0.13818104873395406,-0.3600464561360123,-0.9667819815720526,0.10352093062435189,-0.8868652108591724
3wORuPiv,-0.40446013308067935,-0.14506718390792314,-0.5532440201598652,0.41091196034365984,0.27050823979884603
43EfrxZj,-0.36415112919449416,-0.3371830274860438,-0.8878489896739973,-0.6404118056276322,0.017216073996640553
457Vwm21,-0.4033469574823221,-0.3028596260044204,-0.04174310676981425,-0.16010301237376737,0.3793130761666237
46KNnOdx,-0.2897773049199256,-0.15932848883956235,-0.12069196681499876,-0.39267008206308396,0.1346467781478686
47TwNsVC,-0.29174521097607514,-0.35920206266733934,-0.9748950012428321,-0.577392290045946,-0.9608924934872248
49856RpO,-0.43345921558181744,-0.2837106032596558,-0.07635598755864755,-0.5112623799245044,0.12612043044727136
4Ane1o2N,-0.1904434480941002,-0.2801766954385849,0.5551331552033537,-0.488734626353926,-0.07848728434299346
4AyVUgSc,-0.27237170533678773,-0.32749521153509104,0.315123363479929,-0.7090854405698508,1.3027318342055394
4B1951On,-0.1651405424669821,0.2594153663840219,0.5691180998348615,-0.46232670141664106,-0.9754303894536815
4OL39Teo,-0.38199393296591444,-0.2943160917862751,-0.8260071793669106,-0.3485257610854614,0.36119382968740127
4eQ90eLY,-0.3094609925509987,0.2570719183860573,-0.4855176333147931,-0.5503418927220375,0.5418594704485437
4o5jwMj8,-0.4366538487250008,-0.3517732689761448,-0.5856239085502958,-0.48746222215875684,0.2426781851609239
4vPgpl2c,-0.33687619418402465,-0.2568761509638969,-0.603997069295437,-0.5285852513092736,0.5605934829907664
51r9aA0d,-0.40522070542824684,-0.2526841778745033,0.02885644117959306,-0.7799185850854702,1.5755870239512029
58SmeRoP,-0.411386614123873,-0.27957111176840843,-0.40626600797750095,-0.49613269510417934,0.2732593429191868
5HJp1AXn,-0.45085609291928513,-0.0689047853785167,-0.5704760533952393,0.4930452772332487,0.33780615262812386
5MBZW7fx,-0.16293440835598905,0.1465251371834147,0.0010837824111065242,-0.2548971664423027,-0.04679224481321732
5Nq3gHaP,-0.31308408043036345,-0.17172164691384806,-0.3464629827121449,-0.5467080383284787,-0.06508567718373919
5RmwFFK3,-0.16932793628729073,-0.14023485113622397,0.14121104278727306,-0.4190408834162994,0.3196916383267943
5Tu5Jbov,-0.4168727499660721,0.8973601664215628,-0.6033542802210322,0.04669750842135676,-0.014187154019385771
5YEolkev,-0.42454199962479056,-0.3588966324980575,-0.6456934273064618,-0.548432554181482,0.24730151142111823
5a8sf6QV,-0.354974080730626,-0.25885756268783716,-0.13011611690844602,-0.451360317269788,0.9717045221667312
5eSvmqYm,-0.04903162393718028,-0.2725703742087255,-0.48794267486957094,-0.24314558346841264,-0.6970894054351936
5hkN8fiv,-0.38183791372217596,-0.2701747418143034,-0.5488883776463936,-0.31284735877390507,-0.07939629640523053
5oK8Gti5,-0.2618900274580201,0.8670214057338304,0.5402291845709637,-0.4658285157103675,0.6331642099780324
5paniGaU,-0.43397416676939243,-0.1873552702219852,-0.5567294189291112,-0.5099677313012362,-0.31678581437538034
5vsr7ZUP,-0.32809889782753715,-0.3442452546030295,-0.34168364155087916,-0.26029293367261075,0.29706668114484175
60B4xMWI,0.3391595333228539,0.6347892240379933,1.696037066061179,-0.30327877610863685,-0.24769039986544544
64jOUtKy,-0.3904454087113787,-0.20199906019357422,0.6746265742318934,-0.19728917701028217,0.5037431972860633
6AJo4xNG,-0.45066220362526155,-0.025440252525806846,-0.5970496133744996,-0.39863032674269755,0.1553257929162604
6CAvhEte,-0.3828358850821097,0.5468021284892126,0.060185935618348736,-0.3983752853855678,0.28487501522533654
6CuGYjT5,2.173575571397733,-0.1947927416650865,1.0025968166645622,0.7915792411832291,-1.1792602565904926
6DGH8ujZ,-0.32124924826018436,-0.28600663020417105,-0.26096404527165085,-0.48318157281353274,0.4667656640778606
6PzsGdVm,-0.2976148695479455,-0.1078074040725205,-0.5419533191505809,-0.4845090817078701,-0.2490990465088682
6UcSJMbq,0.46776271317750545,0.6836098538253709,1.8492332868838888,-0.14056610709240694,-0.5207291334658768
6WJbkH8U,-0.17914919510216587,-0.32089947383004536,-0.03060235142909677,-0.32571092075007235,-0.6007989731121872
6eUWsVzw,-0.34925916606125346,-0.348486382394202,-0.4873396422656269,-0.56264974686836,0.2615116647275062
6gNyO7Do,-0.3236527036873949,-0.27066701161258433,0.2500120624899768,-0.3537032601710072,1.1020287673088027
6jT0AyHe,-0.45239964094395585,-0.3648264400401616,-0.573114824015804,-0.4231205721208743,-0.2940659167028947
6nBgCvWu,-0.22896861619243453,-0.09264963078032853,-0.25135575342532707,0.004208147101469978,-0.7051228814226232
6ro5mqg6,-0.40123163017956026,-0.006471635754928736,-0.27267620544910753,-0.4776042201280536,-0.17367242855821663
6sGqObX4,-0.4487525437434279,-0.2023783729417029,-0.5779461142873552,0.2631296253878637,-0.415738736298233
6uEGy0n4,0.5249636557788084,0.6478139484043338,1.7623593681813299,-0.2565096658929697,-0.22214342259120456
7BZ4LxP8,-0.3497172374935088,-0.3493968353742651,-0.36263639403914216,-0.5689813231596905,-0.1837157044740073
7CmigXKi,-0.40319458898584476,0.8481165433558675,-0.4724305313533149,-0.6192703955405593,0.19478614558566384
7Ga0LpfR,-0.10356195137614047,0.1792424328867763,0.9001203308320292,-0.44039094566346754,0.24871549997554582
7PQsFvsG,-0.41154131487532225,-0.09746583746507294,-0.046123092196483105,-0.4474989711135881,0.5990611356925026
7aF7nnwn,-0.1634984826306395,-0.37709748901008866,0.4337646201073587,-0.6844029734659024,0.21017141425110492
7asGzfX9,-0.35564486617531094,0.30548017471359523,-0.8031470352317842,-0.5482617129311337,-0.5884000316728033
7cg7C92o,-0.07988505473775619,0.6499981800567317,0.6866195708151365,0.7628918057813882,-0.8195620937316377
7eOxTpsB,-0.043711631007852615,0.3620816558255196,-0.3906091086435969,-0.5131158447264016,0.7668643691608157
7ey0v7ma,-0.38025054802790037,-0.38099218831964937,-0.8322028483983835,-0.4991889613848599,-1.0093704576010345
7gocyrYl,-0.2887105548312464,0.18687921158061763,-0.11314146567394887,-0.13584481758208533,0.30819420528952934
7gqR3GoA,-0.3809521470601009,-0.21115510006975988,-0.3082361703181321,-0.5403037656517369,-0.2808827222271123
7og7aUXB,-0.44881780478962424,-0.25672552375069346,-0.19259739845429671,-0.24914197860549897,-0.37339070509633027
7onRfa8F,-0.30158571381187793,-0.2415846438576814,0.7729931655354012,1.3757845899226941,-0.3535313574068595
7umkNuxM,-0.39054379176675025,0.012834104791694044,0.213005543719349,0.17651824369779975,-0.3658547817514889
7vPr9ExD,-0.35588457913677723,-0.2666270523175136,0.11556974314062145,-0.531773767269562,0.7301473837233029
7zNjpCzu,-0.3246785771803263,-0.21093444778837722,-0.5238822426331722,0.8536749945178016,-0.5781111111643105
7ztsQNj3,-0.4127527018117057,0.40360954337408245,-0.4556683131015763,0.043315657686452756,-0.7153160473116773
86gppwMI,-0.35652415672863397,-0.1155224600419024,-0.7194105653891374,-0.025609548676036046,-0.24009832580511709
88thAGdL,-0.35659467058105354,-0.261927457113157,-0.11896135985413474,-0.4780309702305338,-0.37859635860441265
8GhU8STP,3.042608589674177,0.556947063100522,1.7907482105249313,0.1570837507270684,-0.9108997882638513
8NlzDcWe,-0.16502412739875508,-0.2687410862772873,0.2498548620251741,-0.7343719831558116,0.23847175083859096
8QAejdLW,-0.31634383089485907,-0.3391741655579839,-0.2017445236143381,-0.5426360984460858,0.4748571923508223
8RDeFxWM,-0.4212444640412885,-0.05818052835418867,-0.49018104288988595,-0.4518840796464916,0.42014044166224224
8UXP2NBS,-0.24696270226013792,-0.07768225540581673,-1.0153569775025564,-0.147407892576956,-0.454700313863642
8ZoV3KGT,-0.3378074189422822,-0.34351990053888676,-0.48248658122621346,-0.3239136347981115,0.18930829438361074
8ajs2uG8,-0.3930139804637357,-0.2664279561474881,-0.25093755563524894,-0.6318858418612857,-0.6092029654794441
8bXnz62p,-0.1375726024763241,0.3517258221349732,-0.5573599228294367,0.4690225575271887,-0.6613333908542712
8nO1O1LG,1.8233881145263247,0.6260457524369344,0.8700071075493476,0.5019846790463689,-0.9041879571315743
8xE1p8g8,-0.14575316837360883,-0.02294900966516111,-0.4986809001896056,0.33212212632192173,-0.10163423936062241
8yMDVMRM,-0.46577407734028636,-0.2591035037762492,-0.05561553721372472,-0.4959795697985079,0.044180841841235406
98R5VaPi,0.27018976035655856,0.5908750360335824,1.830749907978826,-0.2477696296457824,-0.687905137074664
9DcTz2Ua,2.7734742040825684,-0.10548860557579831,1.4099740846603335,0.6984196203267647,-1.0111341638838847
9G7nfUrK,-0.17457921650871172,0.3160552663322897,-0.7099328354952372,-0.4068949253367492,-0.28022773548386837
9O6GZ1HT,0.5654260109610284,0.2914287549962407,2.1011234268981296,-0.3643708344279668,-0.42480100512553054
9S7fCoAM,-0.39509964288350286,-0.09854409959260772,0.2749206223351287,-0.22011574040734827,-0.2882500518356878
9iQwmFJR,-0.4448948472652732,-0.3186207412484743,-0.3041956034330216,-0.6350575460186987,0.2373668801426884
A3Mt6SAQ,-0.447466171141821,-0.37250602217518886,0.5023864248419886,-0.6968824000486739,-0.531531154929021
AJIsQIcV,0.009358408500030143,0.4162699006600835,0.9884050496823169,-0.062121250403099536,0.2697507649480192
AMHKXMh8,0.5844298016411871,0.7157939969567905,1.3978642310563858,-0.4002007558129145,-0.20948433760920132
ASwA2J4E,-0.3980812729674899,-0.1754138314560927,-0.18545935369761415,-0.21590358714337024,0.4626014401858459
AaFvEoHq,-0.15170129854267841,-0.06619338780201812,-0.451693742023758,-0.5348853509115802,-0.05057941346435841
AiIPD6hX,-0.2955522372571482,0.30192114911099477,-0.7129821877680045,-0.5457052393931636,0.0825574821664053
AsIURvJS,-0.4343464718641775,-0.3113222968969034,-0.5080483807733304,-0.24781335547336214,0.011755467508181437
AsvgbJ0C,-0.29005260495175406,-0.07387104995684213,-0.027451004704990574,-0.4690650349055788,0.20732330512801836
AxEhbkCM,-0.46424122308043075,-0.17178298774754439,-1.0811491937939404,-0.47126433075059265,-0.2648149911882477
B7VPkIpx,-0.22473354788778233,0.4624124394221001,1.670190822608012,0.39379345628411366,-0.5743492172967257
BBwHqHiH,-0.35550938584322483,-0.2703998281619036,-0.1323801812412543,-0.21799284209640885,0.537539107954318
BMyps8hr,-0.32037758004836003,-0.3547408631705329,-0.5787566308429664,-0.10449052170767081,-0.10792025705186135
BUHS4dQw,-0.3938036354011212,0.2615665525698095,-0.2514701389879418,1.687049884246513,-0.5746618363338223
BZB3EYWQ,-0.1289949694857324,0.6420806140381835,-0.83079275404308,-0.1406089785128137,0.41988086742949365
C5UPCZcL,0.5168812321946035,-0.12949182269584322,1.0555129949066338,0.30168814949404354,-0.9562902796757139
C5gIfQbJ,-0.15498002238106634,-0.35357444111755204,-1.008588975804014,0.019140738379425537,-0.8980414927390319
CDRuu4Pn,-0.24947747582888183,-0.35039504710904495,0.2775191385926839,-0.4289737118728149,-0.547597628260488
CQhTYkqE,-0.36219069607725957,-0.30757225430529156,-0.3487211362364565,-0.07328786194290206,-0.05001159791254292
CSEobMXv,-0.4000663005594012,-0.17735519669694016,0.27218503460754917,-0.5980288896478042,1.2457545893929576
CYMQE4x0,-0.2800275386494318,0.5477508720177048,0.962087705721218,-0.5101447133977632,-1.0066279130937195
ChQdtl4J,0.029871536038441424,-0.08543954764573622,-0.41098033037136794,0.09225088207454576,-0.446268151553936
ChnD1nrN,-0.2144234321811227,-0.3581662567063677,-0.02525340290070661,-0.7382974058352286,1.0328077183972446
CvtbbIcq,-0.255680519756914,0.34108529737144744,0.21074034970925365,0.18470618774319944,0.0581310901686752
Cxk06b77,-0.19011648887209517,0.2887130097101267,-0.3898268878045108,-0.018356534197458273,-0.04248677747840646
D3QD3ZEJ,-0.39831089832726524,-0.10702865732026673,0.2069139288207736,-0.4748970747571804,0.8696348944078702
D8J5C6lA,-0.07615641852194176,0.8977768699953614,1.7421076515933298,0.15602681445314867,-0.6953440684368158
DCeQwYfT,-0.4125989600882921,-0.30374656480880774,-0.6775781758481,-0.16087667824333438,0.563155088270682
DDEftkx3,-0.31209578246276376,-0.055929608050602174,-0.6591249598593422,-0.24304095043239102,0.042113232169224114
DEwCfeDW,-0.19489339076953488,0.6684416016937479,-0.2862004692670823,0.5807709368442618,-0.5723422690979267
DMkIV4oL,-0.4148012823077252,0.19770339025816303,-0.4522981581072069,-0.5669143949261816,0.2657872073331859
DnzGfbxS,-0.3630830667064705,-0.2930613741326532,-0.12685063443257158,-0.42086394235452856,0.06468105402457337
DoZxo6f6,-0.31904503136233076,-0.24445640907425162,-0.7387196005547951,-0.3755693888414826,0.42311187989617066
DvhBPGIk,-0.44784400383342576,-0.27595029721126596,0.13909052019459608,-0.0699904718407763,-0.6873489080351798
Dx7GoUcT,-0.39274193097901033,-0.1697869433246362,-0.3595473414453643,-0.3053739841971992,-0.896940266524765
E5hIjohO,-0.17336259378585894,0.5908859397802291,-0.0336265765162656,1.0260881162955,-0.6531383361872591
E6x4XGHt,-0.125819818725697,0.6245864698550337,0.39851388594739967,-0.5051628589089848,-0.06102887730869787
EDEpAzh1,-0.476028836884036,0.3097521242551922,-0.9187423072080672,-0.651113237994991,0.4838188022393379
ETGudkQt,-0.3881859866056252,-0.3536153989947049,-0.5568241736336837,-0.31640576701079126,-0.23820921951831633
EUleKrLJ,2.163500317968122,0.1587568655282947,1.4126262709823798,0.40173089239131055,-0.7855175364326301
Ehw2Jz6s,-0.4672192533962245,-0.25857214503542847,0.19137208671571754,-0.2034943110489395,-0.5252263658319484
EjqzC4zH,0.527114952201069,0.3062467625415995,1.5875212853344784,0.9418072166409546,-0.5565664634351656
EkMZO3Qj,-0.43189754299018024,-0.2620657789509591,-0.7463592795538863,-0.4177473137567408,-0.09664552396483343
EnoNXWvU,0.6028064334385516,0.24539355035716284,2.1240741929980556,-0.4147560057340762,-0.586214520838224
Epv8ANwr,-0.43339544105001787,0.02255039927798703,0.18562653884499214,-0.170754812727823,-0.22039634776621808
Etro9j0B,-0.12241773003044389,0.6957545721143941,0.7151524517610875,1.2145857171770011,-0.7429903366069229
F3MIZj76,-0.43107780775627863,-0.17089511519336462,-0.3051046413566641,-0.009313385350988001,-0.1016419890447426
FB8tU00K,-0.28896093865849193,0.16093432135351823,-0.12940183849575784,-0.13953279493487927,0.3830583345313004
FLhxBGMK,-0.3059810927566409,-0.2016046090918659,-0.2940247264352609,-0.4684744435215725,-0.6747560575041798
FRreR8ka,-0.25358155107232555,-0.23756678944820261,-0.45670502894596937,0.3762775999417508,-0.3272642251354682
FXne4oAV,0.5403258247244913,1.4109666547762216,0.5273922122044585,-0.591077785160893,0.6741188508662417
FaW764jk,-0.15760532929009874,0.4368844616583175,0.434570549165358,0.6957677522279456,-0.7774923466914893
FeAbMXly,-0.43752427975359215,-0.1622919041362173,-0.48701448898492744,-0.599195437372275,0.3562481001431166
FeudaFXn,1.2320550621794806,0.14443599675355728,1.8340053155315397,-0.4472401606564798,-0.2799012499878829
FldUmFeM,0.5968503849766011,0.21339956074142913,1.982671988129017,-0.2859959151211639,-0.3888783775098957
Fnv5tfAm,-0.06871133755459337,-0.04304911016961332,-0.5111330216638256,0.6859268156276885,-0.3682915347740636
FvrAd3Or,0.23077962598301466,0.7313685033488304,1.7862503226341435,-0.006235489927797326,-0.359328831095613
G48zHffi,0.4747193467745543,0.6366671441486051,1.5725701349292331,-0.30633998202909196,-0.35020477873684136
G76zCv5N,-0.410611635374934,-0.23158278689674366,-0.42532607003059203,-0.4093102940813826,0.8052456668679604
G7JGUdNf,-0.3344538934792544,-0.3183850433682547,-0.32703398515500975,-0.5567132636589048,-0.20853215384073037
GCo6MONx,0.06566122301731855,-0.009662974674395952,0.0525321665663481,1.1243656083619897,-0.7654685689246814
GE0vbpVQ,0.42213139757777185,-0.19664280224121655,0.5755724724424981,-0.5289719633015365,-0.34255279622818746
GN0DfOqt,-0.3035435175673829,-0.3369094300948944,-0.6781810758539871,-0.4690678777423897,-0.8339903374651841
GNsTAb1v,-0.46056359926352747,-0.354292590873397,-0.3181548109329918,-0.14854208501259936,-0.5901071514428206
GPwmO21z,-0.40312971454645014,-0.15445955724263316,-0.13594229659080367,-0.4721933412270929,-0.4791041817747418
GQYpfLoh,-0.07483373133012278,-0.08415398665570827,0.17601665552987153,-0.44346014888899443,0.3599401681584945
GR9knT8n,-0.4372403860343602,-0.26950658576276004,-0.27433437394351745,-0.5436764171535983,0.45245458922196974
GXtFFbZy,-0.42376461779987046,0.4102413312567229,-0.2548856884693852,-0.4540906158336892,0.2705694324901303
GYvzvvFD,-0.30225939965583076,-0.2848952363169299,-0.9311651650108941,-0.5909653566093368,0.09708305860726135
GemPjTJ9,-0.14581644433523075,-0.2773315211637605,-0.884710525892697,-0.6460908878083065,-0.1394346055596515
GkLYRm1K,1.2270041781814118,0.13878749527084555,1.765280665857993,-0.3829949326963685,0.35440307123714493
GmlqP8eI,-0.4693932315330582,-0.2840391167351132,-1.0270653314526095,-0.596876836320036,-0.23854234246814196
GqkIrOvf,-0.15727168024216634,-0.13042600364346604,-0.9570771161529079,-0.14410601539271609,0.12335995154426867
H0fsegPi,-0.4063995630158358,-0.11861006475367965,-0.10111183995633928,-0.49968693954403526,0.9435941226746368
H4dHpJjU,0.10777539228059156,-0.17339451261203276,0.6383956426084346,0.6459978634580154,-0.936980529344232
H5QwJCuU,1.1855525897214716,0.24810296408625515,1.7318551106534317,-0.5091888113675024,0.41566147617056953
H5uwmSZ0,-0.46796785639089883,0.12054441966212476,-0.9665922087195292,-0.6029047793433634,0.45495811779544343
H8MtbVoL,-0.2771832488990861,-0.2972249983836668,-0.1907326806575935,-0.5428791546239847,-0.6112970251084807
H9JrUYnp,-0.17593504733259344,-0.09041622751952935,0.145953876206422,1.1984866311817135,-0.5380954549693933
HHYmmHVk,0.10730564006036418,-0.016665246981258534,0.4118215791824447,-0.3829887411158489,0.2079217667783334
HJ5U4uqL,-0.35177036992563304,-0.26527734677466236,-0.2703177155067649,-0.4822042243585299,-0.04321301351273301
HNQxYc4w,-0.43080292768309897,-0.2447620556426495,-0.31507380973106713,-0.4943547530546792,0.3007126654969574
HQYhKHZ8,-0.4516433657234392,0.02944319722097111,-0.7103563196267427,-0.24584226570299417,-0.024934622084641252
HSCMx0MC,-0.41381558660490636,-0.32100802334391226,-0.557248664944953,-0.5481517817088489,0.31221763788355555
HXYuE0fx,0.33273026223129226,0.34035085930897363,1.4767231846974753,0.37583962012953354,-0.9300563455756166
HdKcxEWr,-0.18112307773245856,-0.290545253791308,-0.9411888607392072,-0.5873883055452042,0.26626278512716683
HecW1iCC,-0.44255647440972756,-0.18611299993935437,-0.3651949122575774,-0.031346956822800844,0.33761787704971885
HpbKB8rv,-0.40932389692376847,-0.23438526939638543,-0.7991131002935604,1.1911370372898131,-0.47442185226082056
HrkoYjCg,-0.3782588631954757,0.03903851555683464,-0.057683932265291164,1.6293890425794963,-0.28683308420272563
I5P2uquT,-0.15766226675127223,1.4317408987000937,-0.4325216820172209,-0.5942869647140858,-0.02983624709537608
I94qkDM7,-0.31413212176880584,-0.3035764427837203,-0.8456933231541167,-0.6226622599303049,-0.4004079308605007
I9sQbtt8,-0.3815403376992336,-0.33511167925337154,-0.7774931055131581,1.9951221731771525,-1.1135859933423693
IFxgw6ZX,-0.45171059910517936,-0.23764156930398753,-0.6660704202240674,-0.3034125094877668,0.19481380661512537
IPPPSyoU,-0.3533604064530115,-0.26382518354252926,-0.3294850431852262,-0.4581798925137881,0.06672898951812051
IQOYQubU,2.404408102001128,0.2246358559435532,0.9946408724813054,-0.15245286132656258,-1.0217832033811598
IYNE2SxU,0.12733804635729265,-0.17830865304621712,-0.38679414126421235,0.14986189757300117,-0.5245449884276623
IZRFk9kN,-0.3638807878059213,0.514209880829871,-0.3164771308884833,-0.20648952850574018,0.3687409337933367
Iaq3v0t3,-0.42370737411138476,-0.3270292142062595,0.351113230631945,-0.43518647902220164,-0.1739150891602384
IbVwu1t6,-0.4379544944521306,-0.2705729716294125,-0.17267448924431553,-0.6214488023127905,0.4135315843193749
IcHKTLyo,-0.3572456174236801,-0.2786790354210462,-0.26019465408814035,-0.44614312461324773,-0.40578095884690707
IpW80wVB,-0.43325175724668386,-0.26009504999223665,-0.15321754264245196,-0.5099318228920648,-0.0540084148892327
Itb0PYUV,0.10678460992316215,0.5273069987230388,1.7085242700786964,0.7198691966672206,-0.7123968810728346
J8fpSwS0,-0.09420989085720688,-0.2586958967345699,-0.07941452205482841,-0.4526360893130944,-0.549798152340592
JE1SlbD0,-0.2393377022460278,-0.14329697593825683,-0.25012370110862625,0.733298739668871,-0.6562446894662733
JEB4McNb,-0.24773240201438465,-0.24737039245722361,-0.0014188809186345764,-0.045240648814316886,-1.0267128983984084
JEE4QVeQ,-0.3392838406265545,-0.33836675601233235,0.6318496506452633,-0.12906120216471303,0.934936614897505
JJSEU2VQ,-0.2656050777666318,0.43002577353754873,-0.6027221858156353,-0.3498827445119345,0.5695459704508623
JSsVriP2,0.5067878230916669,0.2342027582453471,2.1412660189363555,-0.29806344659580575,-0.2546311059356969
JUvQNiOK,-0.24023583426535108,-0.3030650352817507,-0.45851384021979763,1.3119389294278525,-0.42118715542852153
JZbrRtm2,0.6265967734193211,0.2788604180060158,2.0008894883298036,-0.5517605816479761,0.17153004934249622
JcE9G92B,-0.4532358090841012,0.016961534911799588,-0.3950525693713805,0.5029391211889382,0.08369893712608231
JnNYpXHr,-0.13294637804771492,0.6659030658587611,0.22856113027984332,-0.277430138282048,-0.00933937438599685
JzpbnOtz,-0.09761079738451961,0.31686616258202344,-0.4884957897928556,-0.48611144891094876,-0.03314135298892942
JzzUhPQp,0.6023886206164109,1.1413291926250737,1.5719196640969881,-0.3300525145381405,0.31067294797892825
K05R8dQK,-0.29365539760416776,0.16058381834878951,-0.1398656894946617,-0.14443166411306527,0.29114130066004035
K17pG2mG,-0.3582027353009233,-0.3369737845485145,-0.24859582706465586,-0.2565375714674201,0.40580895253783383
K8BellUe,-0.4514888431195154,-0.3469461619075655,-0.5196426827661339,-0.45942732757851645,0.3664051188289624
KJ2eH6rr,-0.4704098601315246,1.0495876892286358,-0.45031330071402825,-0.10007499404956281,-0.21479324129188135
KJEJ6Glk,-0.3856536824980014,-0.2627595895483586,-0.27704398082810927,-0.03019214183646464,-0.6428002979513048
KSbO0oXS,-0.36055287218320664,-0.16651893051959832,-0.10220789991872167,-0.2530010110121047,0.23773400248740806
KXtvmd01,-0.43755896637485137,-0.2969231185682858,-0.2550056149612751,-0.32526673183670723,-0.18064454771561267
KYiJqBuJ,-0.32883107822262564,-0.3412444856789085,-0.4150361927157998,-0.45105791771171044,0.8942626532798165
KmbAyTcE,-0.3206602068358629,0.36291287321578797,-0.7531991715419123,-0.3012396030596679,-0.3907765953737164
KnNyl3rV,-0.17148895257083852,-0.2640267838029106,-0.30277253747043853,-0.0379627742111515,-0.361100153778696
Kp2DG8TZ,-0.40272145275527155,0.45216421436501647,-0.2842249560311325,0.1621444054097182,0.45750326385568657
KqQtKWs5,-0.23954312624563548,-0.0871220691045577,0.34558630047903693,-0.6424661682734311,0.6826818015839486
Ku27g63R,1.2456689289041913,0.2390692841118266,1.7054230298196211,-0.40803400376963367,-0.6094995177623251
L2aTVqDq,-0.3870529372290073,-0.08588595315558227,0.046837672452490174,-0.2542057883079964,-0.21961600283702043
L5jvq6G4,-0.24036257928518118,-0.07745330786886212,0.4613910482081408,-0.6829750880668815,0.6437369694554185
L91hYVQl,-0.16304198668585954,-0.2572914647211477,-0.13270570261230652,-0.6928680632426761,0.31909676838449297
LINAMlbA,-0.12300161256630177,0.0061272099643635775,-0.4926396555679491,0.2629303603141976,-0.3975636333373167
LJoUNXSx,-0.43582971296674905,-0.28616654797805396,-0.3077004042334749,-0.676980988317491,1.287004527940259
LLtSiyWD,-0.4241972053679032,-0.36203580417160813,-0.6799405922676454,-0.5037877485789218,0.09853228326279426
LQJtV8kn,-0.275790620638719,-0.3307748474848022,0.06990226240500809,-0.24456205803571585,-0.05354435803865645
LW9uddw7,-0.3089584027205471,-0.27626969385761563,-0.6555684397852436,-0.050007921140851994,-0.8984068956570075
LZ6sdBTR,0.7311752466679002,0.6486920510883348,1.529115295240972,-0.19195244535060554,-0.6061003350408353
La2Vhnne,-0.0613464971116056,0.07109603024388962,0.040884917606894014,0.4594789666821692,-0.1646208169281729
LaUWSq9B,-0.34227543861201387,-0.36050709115102453,-0.601611054489849,-0.13185014405822806,-0.529759276409997
Lk4SfkPQ,-0.39554787457419927,-0.2459362244857699,-0.5519235321506654,0.7140267870409619,-0.34715546034550043
LllC836d,-0.402823440913594,-0.18781747236440333,-0.37816658329118136,-0.5029409959991658,-0.07050017373232376
LuGiGeWN,-0.12757665754954178,-0.28965950235890875,-1.0348336088502144,-0.35233341778226923,-0.11773400514031698
LzcyHcWa,-0.42451487209741684,0.11407153839452262,-0.2377522195619482,-0.3507740645172906,0.3821692606931488
M7veP0H4,-0.4002639295300843,-0.2346263970117465,-0.19575076510938386,-0.3573673755189923,0.49282641043470793
MB8aaJUc,-0.3961650243164202,-0.1873814967721277,-0.1986860243537977,-0.551431303336485,0.052527800878890696
MDpe2zuy,-0.467034740089984,-0.25260410135922373,-0.5570721689932695,-0.35215265680864316,-1.047002269532295
MEzdmEIU,-0.41808954248286123,0.12325222065684927,-0.14443089072522633,-0.29144719387920687,0.6940710694618661
MVnhtivm,-0.39405735451506246,-0.08266315231962411,0.12361283816503892,-0.27893765504299156,0.1435609959260696
MYU7WDis,0.20784795497132827,-0.181149333885018,-0.2344056374287715,-0.05081462295032811,-0.5917981556267565
MZFqh6yw,0.6091761646598317,-0.04004716013675208,2.0620287897676945,-0.2220485827249246,-0.48717287190832587
Mdgy4SsO,-0.09272038267468671,0.247481150960133,-0.1136949837838217,-0.25565367816177925,0.5190105643205543
Mj8awnzy,-0.1939785729276065,0.41698736798087255,0.8529020604030074,0.05527314317869616,0.03559243372815552
MpFPbUJy,0.2790229056696361,0.520120559116806,1.1287109216106788,-0.2740025180553299,0.31621997749741504
Mqk7MFBM,-0.29738073527511333,-0.35388102638446073,-0.9263827339782997,-0.3608214899241476,0.1507867522884639
Mqs2t1Eo,-0.45343934345693365,0.33483729519286437,-0.6525002086940319,-0.34854552562325825,0.47407441023496033
Mv3jFVxp,-0.4325859191047545,0.018286545631665912,0.3063484184836669,-0.15572545383337194,-0.42765937548002175
MxODTXvA,-0.37944791442805237,-0.1283275619252514,-0.13905190195659398,-0.34744985868139916,-0.5180684663555826
N46PbpPM,-0.40706650597838023,-0.33905712492790824,-0.2336336992882723,-0.3114173151751829,0.6321844531974219
N5S5F9Gk,-0.29840117802124794,-0.22153252612821592,-0.932398143409943,-0.6175931711302496,-0.28066940694014136
NLDg5fqw,0.11344617367174249,0.3544236865102036,-0.48562461984031935,0.05657517879048356,-0.3567749809174017
NOho2ZiM,3.2993409623421086,0.1418223576386017,2.1077526740848413,0.07697534388242883,-0.7375104927800259
NUuY7PFU,0.579313877330727,0.27581003106852464,1.140334346070477,0.594620446975726,-0.31146669439420605
NV1e8AEO,-0.39760614125563837,-0.09064650489680186,-0.5683693120154157,-0.4187649644247398,0.48116033827035815
NZLXROKC,-0.4066774268465037,-0.32873053363474813,-0.4113618447545692,-0.6412402903479641,-0.054426754508190414
NaJo7C6o,0.0007789655430331245,0.30488145572295605,0.48283469676291224,-0.1606185167399974,-0.8270795011210509
NgsyGkrO,-0.4149665076144164,-0.3126277392653403,-0.6023048656114425,-0.3012382052131515,-0.10563218438528392
NjOx4Zpo,-0.2880280247266069,-0.11371333538246411,0.027871983324936924,-0.27292152471395625,0.004670284787625284
NmQoI7x0,0.12269130078677128,-0.3644098482030184,0.09533346957982779,0.16824794466413975,-0.3550648288659287
No4wkdLS,-0.22674485650323317,-0.33518125571040397,0.3552289196989328,-0.6931211108694721,1.1867648023767658
NouMwhOf,-0.44814428807526624,1.024163187336359,-0.5953086627054375,-0.43336731071043844,-0.7859876307637859
O6YAWd8C,-0.2719352660210408,-0.3386469410614255,-0.20011585959804726,-0.4166827359303054,0.4883272344371785
OAXVphSh,0.31147008127252795,0.14756557261825085,-0.10084651713650991,-0.42814608678106025,-0.8880976366339617
OJBBhb6Q,-0.23810697343216353,-0.3356328556804068,0.47714472762323135,-0.4841960624695299,0.37902751196086115
OSIQXImL,-0.3097062007241137,-0.042807634925522656,-0.555442296245312,0.23296984576368787,-0.4681073329517734
OUUFc5Zz,-0.33356040194644215,0.10191066834704711,-0.6032889135799114,-0.4280065462526002,0.29806513539155566
OVk1lquT,-0.06142654916539559,0.4676877398071362,-0.2194105574908877,0.794058790462476,-0.2644182140954154
OXdRxjzz,-0.24214754175676714,-0.26991644185251773,-0.31030032876663005,-0.6013666741224722,0.09106566750548348
OXxW2ekf,-0.45056417024384615,-0.28590528513386737,0.6962661501822779,-0.6035746430800348,0.7623495022544493
OXz5OpqR,0.6332196193743342,0.5050408123980878,1.3340232512902326,0.5029568278250348,-0.4810927215455864
OcBFW1AX,-0.3224645292329768,-0.09529265694657718,-0.8925051647106679,-0.4644259461853945,0.448450556304179
Of9V2rpt,-0.3903355457422543,-0.2717954044106329,-0.24370566734524113,-0.14704138486497229,0.8776860412757281
OfLxPhbG,-0.20148306316268544,0.6571196056338575,-0.2751765231853178,-0.37277907110096675,0.4182343895615279
Ojx2vi48,-0.2385338399709714,-0.333388982416399,0.3821158447276441,-0.4839364768200945,0.2384579469392129
P3M32iuT,-0.23798076602798474,-0.05435292918624103,0.18252886277485816,-0.6508700346366594,0.6385533779903758
P7olVzrO,-0.3013637315876963,0.6427360648409782,-0.8434919110459836,-0.2986565103333465,0.5820583645583506
PAPHErnv,-0.35278952573023176,-0.28048378975521454,-0.3661567540189138,-0.5978270142696708,0.059094592666472844
PBjEtfXb,-0.40974682271383567,-0.3042464563569295,-0.17831163273629413,-0.05744983833731685,0.6398580465104693
PZGpoBBj,1.0048474198814232,0.13616800938308624,1.7870947611827124,-0.47881045594446725,-0.19581144949182913
Pc2RrxXS,-0.4418575699292723,-0.3476811301245784,-0.5964254062893823,-0.49460500361226556,-0.2144707623720494
PcHQ4FOu,-0.19908996128893303,-0.2760250692595933,-0.4631894985121612,-0.1988435262148156,-0.722139571646893
PeNyTOVN,-0.29087795832438246,-0.214116392770398,-0.30564206695206186,-0.385534570474544,0.05521317658151053
PhUPSU53,-0.4469713494038415,0.4593706464045229,-0.6114535698620169,-0.33511777444952845,0.44029569358080467
PmUNeV2O,-0.1793944610990336,-0.377962905062915,0.2575344972075596,-0.6942449527677057,0.46347701144958864
PoDJ0uvK,0.8136142143741762,0.7940573958621894,1.5252035631917131,-0.192353787872441,-0.6816648189368657
PsUJdJdg,-0.27866543418438744,-0.22228065198409167,-0.18739070157374,-0.15683739021207985,0.23039490625896847
Q3xLFx1f,-0.4030712603481966,-0.03846765783736908,0.026490881526397194,-0.4228147106817611,-0.6121108018180478
QBGxCvdM,-0.31245033588455956,-0.328258775090615,-0.30409586764886487,-0.5844426536764024,0.6204834560958945
QCEPyu6L,-0.35296994028608364,-0.16598921591474505,-0.242206852881451,-0.37535980688934795,0.5102317132703149
QEfwec4s,-0.14429898582866935,0.3612406956206829,1.6203207771471675,0.057738324866869827,-0.2063786831966449
QZ87Nnr3,-0.45991738877510646,-0.33109610229309566,-0.10971247136252837,-0.5549093366511495,1.2562455840880522
QlyGN9jv,-0.36827485715926406,-0.22090697926324734,-0.32429005126383376,-0.4612380877205191,-0.473569794830842
QqgWE1ny,-0.28163398394650885,-0.09012771713582662,-0.46476113081648684,1.294731497830339,-0.5527200322732296
QrjjBpZd,-0.43712658163277635,-0.32623911769049413,0.19693874308172682,-0.6406033064755566,1.2546970527060064
QsaBiX7V,-0.2933396107183844,-0.1684312080858877,-0.46253789269883466,1.2526319258481204,-0.35394237891049063
QtBKJuZk,0.42156049158216996,-0.11577349181477659,0.09390060375682967,-0.6202904016638245,0.03836305789913964
QtPRO8OJ,-0.4238213668820142,-0.17278789025020863,-0.4925019559124598,-0.5030825635015209,0.5687802024749508
R8XcsFnp,-0.15714504275054395,0.541867687719134,-0.16385640515415492,-0.37177730249652324,-0.34745453262832027
RROfRt9z,-0.45321275706389774,-0.2641816379881773,-0.14707429764929153,0.11643949237107518,-0.33039033758534514
RTcbiDGq,-0.42886858048462406,-0.3596156416270733,-0.8204975536768001,-0.5457145474783207,-0.12289525484653746
RVidM9g0,0.5933939248002823,0.23830249721197844,2.0539140537037484,-0.4674408151227,-0.7621910805794703
RZnQSH19,-0.26529213786152817,-0.27140548290148236,0.4274036073048882,-0.3729659991599732,-0.11690546486177074
Rc4UK7fT,-0.28452717119662996,-0.005370682680724767,-0.3579498803719592,-0.0016688379107357434,-0.1945859063037809
RcKBKh6B,-0.45759995626961325,0.5069148268457166,-0.8326875145528375,-0.33737122845132733,0.4531660150235583
ReM5kDa5,-0.35949963452731093,-0.2875002573661626,0.034553259744479474,-0.5280664212645662,0.8530671451893674
RfntsotG,-0.4290929212478853,-0.323001101095249,-0.6771993641797786,-0.5040302656593653,0.5851819128716244
RiXMlzXD,-0.4272702025647105,-0.06094654283212183,-0.4020434068709349,-0.48481227049688913,0.6039834742554699
Rik83O3m,0.3557185213586386,-0.26444579089630954,-0.4376663830495842,0.12317022811984302,-0.22794411627063646
S3PCzDzO,0.08876232719373948,-0.050718294999244316,0.38816785547029625,-0.2558084060177391,-0.32015554421162534
S77BviOJ,-0.04277002528609635,-0.2102985326754112,-0.44982088386686725,0.14577743704938756,-0.5161607881373705
SDdvtktF,-0.44722424783873804,-0.2760778707910064,-0.4826190708577812,-0.6406541305788308,-0.13397878573958655
SHs1AyfM,-0.25756535449371337,0.44771600328898364,-0.3436021341611514,-0.18693905314907225,-0.2229863607316866
SO4zQy9k,-0.3467927730299566,0.4788198046261645,-0.37146760361038933,-0.21368048271410245,0.18598415495951767
SOOBCoiG,-0.2335143821111292,0.4245799956374017,1.2760699587293278,0.031135695996125517,-0.1267409194530671
SXkkPB7A,-0.041161257381145955,0.006586376576679009,-0.15027409809671846,-0.42344639643828,-0.5072484939705422
Sa93dGqq,-0.3946461185154241,0.6460706653899096,-0.35400302712598264,-0.4608086132139153,0.368092462673543
SonIG72a,-0.32473109743267425,-0.003083416137262174,0.03776818900887347,-0.2941253406507836,-0.1955201819905198
Suf6hIBc,-0.4246769404006456,0.4329998998595339,-0.5289730642353653,-0.3179406917037814,0.26448691088894216
Sx2JeSRz,-0.39049140536014865,-0.2383654172899617,-0.08973992074253348,-0.16426944506900343,0.2900774343854894
T1Tlftr4,-0.09537151047924944,-0.2853084692256976,-0.0745382355902594,-0.34414580091682223,-0.15556412717019277
T7ulR4ci,0.13036495111391352,-0.3825649690522842,0.5840022254534285,-0.4350647009760365,-0.6381140408902023
TA1NB3Br,-0.37721337302575897,0.14664037230637875,-0.3472690122955483,-0.44894958987347583,0.39805559385557415
TFZUskaK,-0.4373799069457032,0.9701590794562429,-0.09589028521546039,-0.580441981524976,0.11739590416881533
TNL8HGWZ,-0.33843989818863573,-0.3321414787209244,0.026239750944534238,-0.6218424477290747,0.8313860609473018
TZ8z1GSF,-0.4504606423465458,-0.32450263104281324,-0.17828585259653731,-0.6981524514821291,1.201287890698021
TqhRvkJJ,0.04786787339792521,0.9118003013324547,-0.4878381762945293,0.42763889915468234,-0.17095275985292321
TtJCUiY4,-0.042931158567179835,-0.025476451947393564,0.6255986073730259,-0.4596839744698499,0.9192480078107146
TwDq0lua,-0.3305524462863645,-0.3370261993429715,-0.17838029328188817,-0.4106273488058464,0.7120921542367583
Tzyf02sI,-0.34486745038954414,-0.21960364322826167,-0.04811696818371264,-0.30857320388653936,-0.16305220655695288
U3yI6ZS5,1.561438502665803,0.16785528920704004,1.0680554975165757,0.7297329985389391,-0.9880127166786221
UBLnXZAN,-0.22686488147258793,-0.31298092312957615,-0.8313895772656235,0.8963829432288954,-0.7278272708564941
UBWDzleg,-0.29194498736133584,-0.049637266568996655,0.035732697472245785,-0.4195280402591288,0.09039211086872391
UBqkX6SY,0.5930041761930671,0.7009638154152954,1.7880583325093533,-0.23935793607491324,-0.051604194188160556
UCIAi1Aj,-0.381875804921058,-0.2918003621491158,0.17365693845413327,0.061617798075471755,-0.26596533240108944
UPbXGvCS,-0.26229328341494373,-0.33349720425097695,0.1961954023380528,-0.560841347241412,0.16477785121931418
UeWm1l9F,-0.3551002496444015,-0.07505251783286894,-0.17648589813728832,-0.2248047552067879,-0.037853927671271936
UhucscY7,-0.4698510120978846,-0.2652562934403932,-0.926913435356829,-0.6006823444272756,0.3702773176679432
Uri1SvHV,-0.2765779235241754,-0.337286217764575,0.02793303731868343,-0.4938464699971272,-0.1509414215387942
UzxipGJS,-0.4324830735391248,-0.2746614435215626,-0.6177304080182338,-0.1446612701100431,0.7276410916029213
V74zfaAQ,-0.34457168188143844,-0.26974887266683145,-0.11944757081467719,-0.4125989227045014,0.2472738026145137
VBPxBLTh,0.04038448806760206,-0.28176171645838516,-0.25646624754345243,1.0785221659309618,-0.3563408912912943
VLG7CXYS,-0.3014256956863589,1.0321550890740274,-0.7936480797047769,-0.26799284334609863,0.2910318170409939
VNk52SpF,-0.31915196294862674,-0.25080037051620496,-0.6449989808155102,0.146631360449983,-0.845677673154366
VOREKsok,-0.2862969452577859,-0.2828400571598474,-0.6059797969214973,-0.5303085329635975,0.10600374526649467
VRhTr5pX,-0.4439799179898884,-0.35577201166492883,-0.3135122784031404,-0.4977964400348913,0.32274115893596067
VTcG4Kcw,-0.04466294008524355,0.17169971631060804,-0.2039496080069009,-0.40835504084343255,-0.301327180660892
VeKiWSbS,-0.41376018822461075,-0.27107126324091013,-0.370592854906021,-0.40101188438355473,0.4162241210000557
VnU8nJHU,0.23104433812916683,0.07841990914167743,-0.44393527427095214,0.10699354612093002,-0.4147668920525978
VueNCxYv,-0.46856850369051983,-0.27906405720520866,-0.8176902371438143,-0.10117871137369185,-0.27991734459762774
VxuQTRUl,-0.32981031151230106,-0.2255723321737724,-0.514604285502175,0.7808644335599814,-0.4640616378788617
W5lgaocA,0.4745235684811271,0.7751837886829995,1.7588619716804417,-0.23529763807167667,-0.4162491925848476
W5mMq9Ef,-0.30222305361816937,0.13047693360857704,-0.10755260037156515,-0.44938047164152495,-0.6284523529852702
WDhNqFpS,-0.3523309712857531,-0.29168881345783276,-0.13711414194144175,-0.12009604569793593,0.3117334157265359
WE6n1kZi,-0.4039749386816096,-0.09473574126564545,0.05482501681726319,-0.5002657870894186,1.0880592466815753
WFk6r3vA,-0.2760904544020176,0.0827981781396956,-0.39033340278083395,0.15107618834959602,-0.6250615692937498
WFyIrsUR,-0.3382880908366246,-0.36143555754403034,-0.8390290292164111,-0.20619065536135378,-0.3632545912736143
WG6ZAsqR,-0.2949504089685038,-0.2926157034918719,-0.6237817726058766,-0.5246332642616272,0.30746859065484045
WMq3CZQk,-0.3553372348281001,-0.2784241353356715,-0.35086031563106135,-0.4909519458318014,-0.2893921222040607
WRskmGjh,-0.3777631803159288,-0.26503548625510315,-0.5375443268211899,-0.35047388310731226,-1.030705387712057
WXijSglj,-0.4680778000854666,-0.29022381800044567,0.3994689178906564,-0.6263476048842467,0.9584330061283426
Wc0stQgu,-0.3322134257970785,-0.3073605740534522,-0.5392831500281963,-0.6891330616536158,-0.10107647184764984
WewoSCUB,-0.16427869729065409,-0.261244101881252,0.055525620969037306,-0.699503428622504,0.24855924967735588
WuHuhHWJ,-0.2581552592545649,-0.3505621330357845,0.1663817121839734,0.3776810993144295,-0.3981664695841418
Wv7EBtZb,0.09238840170500315,0.5163587275467857,1.821691532299206,-0.10226737397411703,-0.7230170111632646
WyPlxDn0,-0.4268339319920442,-0.06952511144660704,-0.1844910586686333,-0.3554868662600785,0.39409641035696746
X3WqoSNN,2.5019575285804314,0.4296747654543562,0.2387972793426965,1.103182334725296,-1.1537645432561923
XDhyP9KB,-0.3954559426791903,0.9311780934791861,-0.6573431212391873,0.055489906455443765,-0.3197935391753787
XQxhDRMG,-0.14433055690218197,-0.24488786428899476,-0.42373668423296185,-0.44642692863491923,-0.00032745099918543347
XjLNAwxW,-0.40663508744639054,-0.3198213130744902,-0.29808490721161407,-0.4613103769291081,0.01598737736890802
XjfVQbXd,0.17911710209407156,0.8580136427366639,0.8581052089462239,-0.46780747912385434,0.002598758113237814
Xovczbf6,-0.28638121441448955,-0.12394086796757722,-0.5183377018697581,-0.611379342095084,0.4627879083421133
Y8H4onBf,-0.23947949288714387,-0.0596827929584475,0.3816888825723305,-0.7135425168797437,0.6401044887631324
Y8YgzSZ9,3.053272795433647,0.6365736343413955,0.6480366430608036,1.0657042830290915,-0.9767414429304093
YC4PNV20,-0.3270852261253469,-0.12407678810261592,0.5625583337145604,-0.5336692956493875,-0.1132639174944952
YDHSCRdd,-0.16838011014357743,0.635668879970285,1.4348777967637831,0.3498612168811753,-0.4117164303910261
YIJ87aME,-0.3321399961011348,-0.2963873931412413,-0.9457851198441453,-0.3860542786969644,0.40298598754445397
YKvT4dFv,-0.4402908309171199,-0.04328068360713461,0.3234831139162337,-0.5470229752304027,0.9654745733013733
YNebALR2,-0.19922163257715478,-0.303515437808227,-0.8188681501271894,-0.26928401367759486,-0.4025542951879223
YNrnqFyb,-0.3649343276759017,-0.12007616713674854,-0.1266136069564297,-0.2168263705707908,-0.25137399514918163
YUZ4lR3m,-0.3204950351923341,-0.0716078204799012,-0.8463204690092071,-0.28571613926929584,-0.07630911486809192
YYLvjoVC,-0.2513311392381027,-0.21235356626954013,0.22383981675163292,0.7284489788898615,-0.06835035338048943
Yb8OtMb2,-0.27559590089526553,-0.34029898375111495,-0.27053650820430486,0.16441546097934914,-0.032649270830308025
Ycg4lTYw,-0.3641444052646309,-0.30672005015284715,-0.7184002505386634,0.26398243460599174,-0.48411661757846625
Yfk6tekH,0.4843833621471578,0.6359082942914432,0.40122199497396227,-0.22506169505089285,0.021312921521930678
YoSfgmR6,-0.4286617071780332,0.808226499042013,-0.6208928030732276,0.01668519082106588,0.047920624253581595
YpzFvexy,-0.2765014447541699,-0.28678354892653407,-0.2794272494722865,-0.5099178723370826,0.6215062507640627
Yxqppfa3,-0.470138469834932,-0.3122749678707541,-0.7204008471554895,-0.3513527755566231,0.17464981817728778
Z16jTUvP,-0.40602379293500585,0.08464478116646235,0.7196053482360332,-0.5071038046676971,0.7200739920381171
Z2BdCCbJ,-0.40535004664521607,0.616421399833537,-0.5184219634655742,-0.33137958018612945,0.4560798505387746
Z2JJMM6V,-0.20666350870285785,0.26199374455908514,-0.6122704810099467,0.49824602290711945,-0.5556255298975266
Z5jE1OB5,-0.4472814417372348,-0.29521278985734845,-0.17649834836484168,-0.16766428857696283,0.03705938320725454
ZFsIqYxA,-0.4505748074690223,0.5748333909851692,-0.9515723712563244,-0.09475254123280914,-0.001987513633227725
ZHDVsoRh,-0.46449015553081224,-0.24441436786820558,0.08571215994070391,-0.16795199112079726,-0.5239645646268991
ZSmfu2Fc,-0.3694964621638883,-0.17160665225940222,-0.5936728938870116,-0.5420127851498401,-0.0005155482928207132
ZU8YXF3H,-0.3849166752056542,-0.27328966668464594,-0.5828351842387655,-0.18476650033620426,-0.3910150770138612
ZXKaNy6Z,-0.40334189607429183,1.1766138365724437,-0.43651457856549125,-0.6442323962659807,0.27761520329319594
ZbYLo0zK,-0.07991703415904115,-0.20456577715529628,1.4226731991433144,-0.4414469575129209,-0.4565818193866925
ZedN8Gcn,-0.4483048079806283,-0.37346254141484525,-0.7091014216769655,-0.4486013928656569,0.38238572185504577
ZgD4Dau6,-0.4259465415479479,0.10555187543195309,-0.5845773055266298,-0.3723869405865965,0.25344285986088455
Zgzf79LA,-0.26072890323051773,-0.3350244258844558,0.3325878907392415,-0.6508681391823754,0.9957156297477278
ZjqzxDOF,0.4435226182742376,0.765442748528394,1.6875863229330377,-0.287113308127369,-0.30580343628905704
ZsZ5aDpq,-0.4565411398693706,-0.31166382052573277,-0.5013717466343399,-0.34508181878537075,0.14125330628739843
ZtyqE7If,-0.4519071384420616,0.37650898926752635,-0.10495343548369246,-0.5066517033389848,0.03697266746247874
ZvUgz01f,-0.09527159361770197,0.12490416483216742,-0.5251986168921959,-0.6667776051423028,0.5968807999653124
ZwrhgdQV,-0.44850024100675917,-0.23912642224234396,-0.24793675939953766,-0.2460523318515568,-0.33746762446491846
a7bhJGBU,0.12757163543822791,-0.28310848403824,0.662028568208222,1.3333903646037943,-1.0373676411878106
aHpv6KzP,0.4967683935895819,0.12303596392849608,0.31635960188320716,0.9078943519091244,-0.9685984635533895
aINzEBVN,-0.1806597292835055,-0.271747272383219,0.04958989116411725,-0.7575540988080203,0.8240236487310878
aP9EtTGF,1.2320550621794806,0.16401302663310308,1.720164483229833,-0.3819986945687388,0.3984385270544879
aV6EhtSL,0.033941532428464385,-0.34831132978428747,-0.5390232422091306,-0.289430326437469,-0.426226102799339
aVZsXKoH,1.2952473378698455,0.16470154644724655,1.747845691683832,-0.40580544373509825,-0.09230154107753899
aYVnVJvc,-0.35703039913126283,-0.27031953180188056,-0.19267017682711685,-0.28689123509039804,0.07167600747240377
abCzN1zx,-0.4072963753370744,-0.24751614525102683,-0.21785887265342443,-0.4186318534377526,-0.0510531731511739
ae7sMiB4,-0.2623035527465442,0.23393599380511465,-0.5098356822863868,-0.5785126364632621,-0.407927656076606
afsVuCGV,-0.32565717104592534,0.5093956886288435,-0.5632420290285953,-0.17416354641148507,-0.07965589685864638
aiwBQETI,-0.3176063681304496,-0.32075813194316627,0.11611857434485694,-0.5644495906223889,0.15160218241213044
aiyli4EI,0.590695990650398,0.9268764396024718,1.5724364430244533,-0.4407109517611068,0.3770099997097216
apJ7NmzD,0.5930041761930671,0.785748674374844,1.5802350779519339,-0.44768157089966015,0.11600981897622671
atVjNMtQ,-0.4405620303748898,-0.20958645094143297,-0.4958846861364862,-0.17972134845584573,-0.6214771940992273
b5GirVGV,-0.4586976807179901,-0.37423110832346873,-0.539719928799696,-0.4920903576154344,0.4999547064717052
b9SpMjNB,-0.40162169832445815,0.7833472645098943,-0.4885496578668598,-0.09909152343539163,0.29739471428522063
bAFs37yy,-0.17270491043535643,0.053710367982525146,-0.6443510909021393,-0.3362609175247243,0.3054384485218012
bDia1hHV,-0.4185712089573421,-0.26954594464787085,-0.08373329363555403,-0.2418563299371695,-0.1274999051572904
bFkv5Mtr,-0.3843335703444829,-0.24535371345463272,0.03544470626755255,-0.20002203773243307,0.09297301227791875
bHe2IXgA,-0.15861062959640113,-0.27029522045585597,-0.7518652923431508,0.48660151002883545,-0.8201125311837004
bWX3vUm5,-0.3573748796984144,-0.2698719548906813,-0.14043820153528463,-0.3306157629737027,0.04403274594756217
bat8tcGs,-0.45361656551928,-0.35473201803068993,-0.5954274055336816,-0.4287017636494918,0.1448439121063947
bfjej4wu,-0.38792549542606963,-0.2644952944722623,-0.981505002868656,-0.5741124811550768,-0.6722373516178863
bh04YDiP,-0.3889682607624562,0.026658041456915846,0.2651566693533753,-0.046225139266848896,-0.21766437985787573
c110Fdc8,-0.4328938655842586,-0.37195278958738315,-0.2309428217402968,-0.4215840075912494,0.15056239161540677
c32GUzMa,-0.13969602192383776,-0.3137554209789068,-1.0475483733435358,-0.5516256571621937,-0.46993172762941876
cT6uU0B0,-0.39785309193136703,0.059627921358612494,0.36271096534083824,-0.016698733597668984,-0.47910337418576004
cWXCiFwh,-0.13191212244054837,-0.3237136828966379,-0.5105904647537773,-0.21988725714122978,-0.7825399606424642
ceNvS3yd,-0.35132017222175616,-0.20328513348137572,-0.3065287006446302,-0.3172078949632079,0.2670446403740716
cmwdt4Av,0.0708698905294776,0.5841797238255774,1.6795712725419714,-0.16070698367078096,-0.9935291813508332
cn4EHsup,-0.3834295341747486,-0.2690456183489951,-0.18598731285697082,-0.7291652365429278,0.34186280707852695
crVOGGTT,-0.380381211396033,-0.20746428287932303,-0.2912079180059339,-0.15305366932219924,-0.24065584197500306
csPEJ1E5,0.15289408455829348,-0.2480428511996843,-0.4896807294012744,0.09010796998870384,-0.12663576673434068
d0UrRtMk,-0.24907400036863742,-0.3636033105461151,-0.05114732836893478,0.12266367980269813,0.22653901714638894
d6LU4G4I,-0.3365226689154285,-0.10115202286680038,0.24084425569154344,1.0524996015505046,-0.5386467950516696
d74T1DVv,-0.43506213240054015,-0.10307468323177352,-0.30767255596054205,1.0373769486759221,-0.45365181556867323
dR6rM1tQ,-0.42052066210967837,-0.3029921052707794,-0.544595302953451,-0.15181619187805248,0.37849134339669416
dUNxOoqg,-0.2984320724155743,-0.2535209930841216,-1.0178679641421964,-0.6362516984384968,0.23207894990387382
dUnlyhj7,0.05899416817266861,-0.3574556760460146,-0.6251860253898303,0.7632257314657593,-0.26197653363386586
dVDlnZQ6,-0.2981641072371419,-0.32897477894024163,-0.6508778358751611,-0.3946856587499338,-0.5017150993033662
dVT26GDu,-0.30577907741814414,-0.28560660409753363,-0.012632373405427786,-0.2112838943021469,-0.7198573927024661
de43ycXY,0.6072454153457619,0.25738382245414576,2.1678779867262374,-0.2952512573681625,-0.47778022598242154
dfIn7m9z,-0.4471077334968562,-0.2557776652608573,0.20897526936099886,-0.06411840497321916,-0.6134641768630339
dhmb9ZY9,0.6288320809104191,0.1654068478935804,0.8420130268805226,-0.34338353831648394,0.16307730664679276
dn8kCuyf,0.035742576857747455,1.0737760798334317,-0.17240039847544325,-0.6101457850716963,-0.0014597761216026768
dpcquvWW,-0.44597303825060247,-0.288547345957886,-0.7224201996883645,-0.27665751222962526,0.34762934771079373
dqcbIMyr,-0.11449398635304689,-0.2903646792590517,-1.0805156654607255,-0.47288138780268074,-0.5854597144748186
drWgsBf5,-0.4558897381828975,0.20840398340972457,-0.5492247956260592,0.044074750719406655,-0.21597265455695966
dytx0HSe,-0.2722144339200312,-0.24999548179493528,-0.6860560613537385,-0.4752033456584831,-0.13243791764068824
e4KkkIha,-0.4127987401980768,0.368494746172367,0.3465280507004504,-0.42919190756202347,1.0534251579597484
e9YorH4m,0.6135644129518402,0.23593331371128484,2.0009585460419212,-0.5480430136997455,0.10855132519018534
eB9gVQ0R,-0.15251873307641603,0.3320552382483506,0.6406624217051946,-0.5458916655885596,0.6550543113483474
eMhLFqU6,-0.34390095901756795,-0.29262142931711865,-1.1463848248488064,-0.43966766812447666,-0.38481516566365953
eMllg1qm,0.35843631367365947,0.5815848109550955,0.809482025733111,-0.44430137966209515,0.8978028582507945
eNPunZ9i,-0.3906408586716672,0.0010310573172473733,-0.7177464051429239,0.039074261275625695,-0.3664799519179574
eS5BSM4J,-0.2978121902529129,-0.2823828494086635,0.16527108664338497,-0.2722571080838924,-0.08886439920421121
eVGMFoOI,0.25839099496986173,0.6545982876249609,1.6204813025580658,-0.435344591412523,-0.07241431938764205
eaIwb3rG,-0.04270617613142745,0.3068264192278981,0.28100242126630626,-0.12220277738747998,-0.05708699092384675
eyzw8Vis,-0.07967526463244562,0.28919709685901357,-0.2853938925271013,-0.5379294699497507,0.7621350215442639
f04Ke2bN,-0.21421041700921395,-0.03790082067654332,-0.13681808742388463,-0.33241455987228646,0.35868956894143034
f4GA0te1,-0.43332254694190137,-0.37172280796635737,-0.2385423517709563,-0.4281043408647432,0.15637080680571164
f7bd91h5,-0.1735122706375571,-0.226029905786597,0.8502555459992228,-0.33732090409199844,0.28028320068125595
fB7z9ndr,-0.04384946478467012,0.345062873424367,-0.25021792212095456,-0.45319533479902424,0.3959113227100936
fEe7AWFA,-0.4632344445466759,-0.35277196507615655,-0.36223967953076763,-0.5192424898693103,-0.6175981430756332
fJJIbgY9,0.18112955519727214,0.7570235403693714,1.338868912493866,-0.4189811987167509,0.35099421248664425
fQBURMvg,-0.3965353825992422,0.006372255985599825,-0.3921206779720444,-0.2999341365899664,0.1683834339075806
fS0HpOub,-0.4316511806967665,-0.3108358125661302,-0.3643358857163444,-0.4779657482638398,0.4681806135615546
fTDXauuk,0.664204780500806,0.252652543234351,0.4122015391626822,-0.18920725243636968,-0.6011247459835433
favPNA2N,-0.06793976284496263,0.006224460101133836,-0.31095031374605525,0.9449492887570031,-0.729819206701307
g3Fv0U4k,-0.31065553833423937,-0.3740254853865841,-0.9269387220215127,0.2759529069902235,-0.5482581324094912
g5PKo2E2,-0.33736476239210617,-0.3394361400668281,-0.25114868764657844,-0.3029148832965167,0.5485617080965419
gbjnD5fe,-0.4492514517701056,-0.2522033299855662,0.10701329333168406,-0.621374223854414,-0.3261324142077076
ge9zqXCv,-0.44029593560596947,-0.35357304601684336,-0.6128806364806721,-0.43685700697278784,-0.3855821142898927
geeqJpSE,-0.43818343776733265,-0.308979396764457,-0.3443680334516048,-0.47215710624525653,0.6216726768901926
gqy1J2RS,-0.3885650585306339,-0.26208505726258635,0.030251281266725116,-0.52011658885406,0.5841069482131822
grlUtS3H,-0.43778334024867027,-0.25651980743950187,-0.21456650980799055,-0.5899163897788154,-1.0740866918270917
gx965KYj,-0.17223339054909595,0.17621637337702076,-0.7891623915290334,-0.7079363261196154,0.22665662544333506
h3F08Vjm,-0.3900041964400356,-0.2749584671087241,-0.1251223179834105,-0.23882719865648308,0.3177493319233746
h6FQG8Iy,-0.09558579922499898,-0.2776533936627949,0.2429593044520398,-0.3611188994731354,-0.1629602884127592
h7ftM8b3,0.5921825996289943,0.7678983781958549,1.269841442837195,-0.4011579782676852,0.3825295379435299
hLrCHXZv,-0.37245497266401817,-0.28892211255157785,-0.23763366794718305,-0.4074924331723751,-0.2042136315522242
hQ6VBuFx,-0.09368202508891321,0.5449390610102368,0.8594943905849017,-0.4523163678225449,0.5390496360090599
hYoR2y7w,-0.4559578563137752,-0.2692708141935008,-0.4357127226770159,0.15556296457998653,-0.27519873791740684
hf65yZkM,-0.46842018091207044,-0.3621208367431326,-0.34759490829867584,-0.4845436045370613,-0.471913734043307
hjuwe1x4,-0.23167408555492158,-0.23118513970523505,-0.11232770846668916,0.17868142062275333,-0.38628760396958056
hyINlsFR,-0.04344339122774356,0.18361113244148788,0.12405516209435027,-0.12340475273130018,-0.0568149290588706
i0Qlm9Bv,-0.33030267197240293,-0.28839911856383593,-0.14316285770729412,0.5103269827390887,0.13516821437039075
i1VxfxMb,-0.13113717197169603,-0.3675874736746187,-0.494085928186444,0.38569277969481924,0.08152163836938206
i2l6jXNP,-0.28703494098343496,0.0514936532837645,0.05491429493140774,-0.3298279527504501,0.14095825447738503
i4FgPZv7,-0.44104076921360547,-0.2488210442259786,-0.6046220135488858,-0.45525976589636447,0.6109970148671157
i7XtIkSi,-0.3575168919784905,1.0895927411158655,-0.5235645947661531,0.40488318834121,-0.5301706174948664
i9z346Ut,-0.27911249208231553,-0.08368471271862911,0.04573905328749645,-0.438794426966244,-0.15130870077272404
iDOat4cZ,1.1928779113322001,0.17294808035653803,1.3307257876699956,-0.6015987285986518,-0.2619106597790556
iNv6RoSO,-0.4105636978858241,-0.07682574212903415,0.05094541588242427,-0.38025373778658444,0.12338696641904016
iSL9NYzy,0.07432475581749091,0.28035814151368244,1.6977524364726944,0.385119399887385,-0.7300939548135403
iSqVc1r8,0.4688424157248002,0.7952750773257267,1.794145234115503,-0.1570798393766893,-0.4449098311115015
iYZMftt6,-0.44179276118413313,0.21581277472436672,0.03867608041352584,-0.41549946785957415,-0.3956977938268785
ieTPaa3c,-0.392030222361341,-0.3107058058641981,-0.46583983185762406,-0.6639269827862214,-0.4191753346101967
if7BmzU0,-0.3939375595767903,-0.24302129676564813,-0.2908919183617548,-0.5396278633603777,0.3016852679320548
ihNz5bmx,-0.38561752631941837,0.05801868170422953,-0.04916078422175603,0.1497109329531862,0.6144541612496485
ikJXKdIN,-0.16416354993683482,-0.2700568947948918,0.19906537736090843,-0.705394550565702,0.716834328463259
iq2kxikN,-0.34072469091085517,-0.33458902608242413,-0.15913533290279075,-0.5625385116659021,0.842838058053004
iuZEDJK7,-0.43485454705661675,-0.35470847230867997,-0.3785045113583466,-0.39250426458491466,0.04767615257069606
iyF8gVT7,-0.0954102417765278,-0.27421014243754077,0.5992115591348364,-0.6064865654508808,0.7979813517336448
j06qdQ0V,-0.4129217510104603,-0.28790425765754485,-0.46390769819074945,-0.23365640323261103,0.4196318438218405
j7hl8svO,-0.4550775301113968,-0.32896464443693324,-0.29967828035152966,0.1392593570075075,-0.607338407323284
j8hMoJUN,-0.1634283958405982,-0.27588621844125405,0.43378478769838713,-0.6571315571298585,0.19408337431930273
jNaFasbV,-0.4199865297833397,-0.12348617002036182,-0.23179726803757567,0.1410935980119731,0.3215908991907582
jVVHeYHT,0.9673828537977595,0.2570402651247514,1.4336946149611483,1.432917807827329,-0.48552950294052555
jXm4ySvK,-0.2618438716496568,0.4525032324793703,-0.7874476536567884,-0.2849278303824587,0.48336054990999466
juO5ii5l,-0.12962895225362112,0.26349778887004077,-0.22652330398356274,0.5395166194149855,-0.6148803331164449
k2hdEBsU,0.32577241400462176,-0.07305551724337417,0.5022355318208316,0.03442400233491933,-0.23028322299956508
k3ynMfhN,-0.16803012867229086,-0.2762723162669476,0.6900611010985708,0.7573313340306403,-0.4515565519133268
k9C9yBtr,-0.32376102845944554,-0.2730935540464948,0.0201153512549683,-0.4040333283397192,0.31463489015983725
kAKRvcRo,-0.24688849963859263,-0.3380161403217789,-1.006519799204554,-0.2527548437777274,-0.899346389146914
kBi3R2oC,-0.35343580491362425,0.7368632968852714,-0.4755187035056624,-0.4756146118598985,0.04108048506745939
kDWmnsXe,-0.45810308801342453,-0.20126573752132568,0.3384880808984131,-0.5411728231275705,0.9680041446371312
kSGBd2Vh,-0.3816988273759139,-0.22672415902878318,-0.3073437512406823,-0.4490330152621329,0.19904779562459976
kT0miHPT,-0.41047599410136304,-0.2620263694356645,-0.6189033404744854,-0.32357012888979425,-0.31586958171311824
kaW0TfRn,-0.46105294189889207,-0.2840989488654478,0.00419418671093203,-0.0608454867118301,-0.5084775902563583
kmg3SowO,-0.28447368453821165,-0.09006753830305841,-0.3182930606493024,-0.569288154852914,-0.1643574120115503
kpxKSlnF,1.443585086924917,0.5501828932202975,1.0758043138181919,-0.30240165468854524,0.3744971493362675
ku2cn1MV,-0.235751719895585,0.1844939082601263,0.8377414311016033,-0.6248964917092314,-0.9089345174837665
l1su5HU9,-0.3642465971656943,-0.20586732593612456,-0.6122051355205469,-0.18930639752662592,0.5826326722333042
l8Tg2RvD,-0.07663664037217494,0.6935722954366644,1.4142843038843185,1.0387384296599689,-0.40860553586861736
lB6NsVOc,-0.19966145697591273,-0.3457365125603136,1.4299226950252677,-0.3722584292070532,-0.23785979857596776
lEcdVyKk,-0.3517923332709446,-0.1099448786268191,-0.5845178084067314,-0.36820951963792947,0.49146519199838984
lH4TasGl,0.6264577892174156,0.25975531420218284,2.119517047527318,-0.5024098794330192,-0.32230073330671577
lO9aggHW,-0.06655018602113123,-0.027519365343488193,0.01523263361297919,0.9325423711642497,-0.5255999163108159
lW3m9Vzu,-0.3945030302475676,0.08402866936662075,-0.474002192109431,0.46930095215044576,0.13258153046303117
lYLseGDP,0.5179336842062693,0.07141158330726545,-0.003604430114900381,-0.09565843078552846,-0.2035865854740614
lcOnCdZi,0.2580513669536577,0.7656239949275052,1.691393453534037,-0.30372656470816356,-0.15907015808416047
le9YGwON,-0.3438486070495326,-0.10735405080885939,-0.3318514485441567,0.05167141490793768,0.17126203811277502
llMvu3TX,1.0062348942173565,0.20915455669082486,1.3847199539794695,-0.5555934807593477,0.042681456408432836
lnHh2jFO,0.6031207129717719,0.2582554406764461,1.998698503723681,-0.40705496724162427,-0.3929881215587322
m07CVXd4,-0.09511382733849419,-0.08702717865097226,-0.3224211590013989,-0.4569039701606135,0.21375295511407852
m1lPk91z,0.06559145193011896,-0.3535507021973228,-0.009503334054322776,-0.10998242081520797,0.10568126754957054
m9IQdmwa,-0.4512130015254714,-0.27549927005698066,-0.03247527804246344,-0.5050637052602044,1.005383646132409
mG9BRy5x,0.062052881685010504,-0.25903509445990663,-0.45508341592135254,0.6886642526415085,-0.5602200336354248
mVHXnama,-0.2707272278366625,-0.07578198078049558,0.40796875372930175,-0.6584786419670092,1.0084059321230292
mXyrR6nU,-0.19730411600175696,0.5646051061142212,0.20416101764478034,-0.13723807747461172,0.6623786151688575
mbzNdxNc,-0.3515715340599336,-0.16932067951640664,-0.25647858295326853,-0.33394628637225265,0.45783689171877867
mntH7g3L,0.21788194652467882,0.7914796401710245,1.619105042901949,-0.3818024439913337,0.004874692844481327
msRTXP3H,-0.3943494887562995,0.44776546443096915,-0.49161333348340047,-0.25498516512691033,0.3358226403804156
mxBjvIPR,-0.4339907297858288,-0.37261445546983557,-0.6958167376669985,-0.44242043734031694,0.24178500171830905
n8Opmfbz,0.6270176263496773,-0.24697924777663108,1.8382246373731437,-0.4048806944344444,-0.1582869922447389
nOkgU29Q,-0.2958150919436661,-0.24971014417654752,-1.071132008740914,-0.6314298333969226,-0.2212155195839502
nhttf7VM,-0.07525192065085351,0.6630544115987292,-0.5834282748335413,0.597264411515817,-0.5380609993725105
njLbXYa3,-0.4477744037269275,-0.34529815113134577,-0.7288084896249607,-0.5184434914919397,-0.06448264662591302
nwkIpzmh,2.797234929433196,0.018180629012735414,0.15917132343635768,0.6967894952653441,-0.34242113650266454
nzB1R9Zg,0.26409812082178286,0.7602713457904917,1.7311339675635753,-0.2805766989342432,-0.2788074154961968
o1rZRI84,-0.2147880110847886,-0.2519419700575567,-0.6817284055906547,-0.11959487067408565,-0.021844967599602534
o7q5Mbty,-0.45230219489933804,-0.3302158265048118,0.053847307124294565,-0.44456881504383317,-0.47209034354708856
oCBvysqB,-0.4750251476225135,-0.29109072114400053,-0.546172107955334,0.27040830238106844,-0.4308147099088326
oDmycTPH,-0.23849567617528392,-0.07811319862938164,0.37726553130244744,-0.5290347370842851,0.8579795671099495
oFAXZvQv,-0.2657097518504256,0.05478517042475051,-0.4812204671671628,-0.01519398199588242,-0.8318735899031928
oHE3M1zX,-0.2873582728430583,0.09939596702239892,-0.06314300527685776,-0.16464251360995824,0.358692395924597
oMhVmSpV,-0.1542582695547553,-0.19240742115831036,-0.49261236083330573,0.5327147229098647,-0.3958751843593103
oNsDqVbi,0.4361960622228556,0.0010675987187401905,1.2730896441714126,-0.5465347234699468,0.3505249022926722
oYAJqQk8,-0.38370391935168957,-0.352512541448988,-0.09521505058143677,-0.7010879697383972,1.4230432990030766
ob5Kb6dW,-0.3876787604731665,0.05877710557192819,-0.5077474729655899,-0.3607945180279531,0.28500441476886146
obnzqs79,-0.16464497633005623,-0.27483187588849783,0.43218158315416755,-0.7074918628529484,0.22967458978323776
oncLcgRP,-0.4246495940787195,-0.04447569380444915,0.29557786887513177,-0.3183944351359143,0.1684982433270704
ooWVYaAe,-0.3996551688019373,-0.19298092870725622,-0.5099292375465853,-0.20389141958356077,-0.29951956537049745
osdyOUnV,-0.13278054450481983,-0.08834722180511481,-0.9553931858468486,-0.2574701270583299,-0.06400169635257577
p7H9CzCv,-0.15956212172314796,-0.077130739372729,-1.0001451374928123,0.11864890447890795,-0.1024686662121658
p7U9hVhY,-0.392734882296911,0.7266017827309268,-0.5400548950445455,-0.5854266766629541,0.03487777388614279
pE6Cf1RV,-0.09558448488961421,-0.2572542135733822,0.16194684510156113,-0.36181628288912154,-0.2546721082390555
pI7qzotI,-0.3847150586773118,-0.25879702918283914,0.5602013350558063,-0.17331344560479178,1.0064122297608467
pJrIA4sk,-0.283506173985916,-0.3653148800111065,0.31733689815535154,-0.6463727514953005,-0.06669867238513574
pXne2CLZ,-0.42343862419018014,-0.1991075638668697,0.47459444497714826,-0.5735703784017346,1.2341419661863855
pZMcDIOS,-0.3395585975769946,-0.3678772714632638,0.3708409243329071,-0.5854381695739085,-0.3088416810994435
pavfp3cc,-0.24648510448206154,-0.0978568215085429,-0.41194510007080765,-0.4117454349825129,-0.5792367118894223
pbQdC5L3,-0.4359081885305426,-0.21820921442331556,0.15466617243529387,-0.34229664250145014,-0.22072400587193325
pgj7aAFP,-0.4201712564119887,0.07809149873462633,-0.09191491870987335,0.20163468380978902,-0.42259239986993613
pxg8G3ed,-0.0948383134170836,-0.09770547974774167,0.39558799728786487,-0.434082571663833,-0.3359152792501958
q36Npk6l,-0.3916808228556102,-0.31797543267374867,0.2369892700991733,-0.6899397067959174,1.2525873809222599
q4aDOVvq,-0.38688546727721823,-0.18124727306366173,-0.1439508342089732,-0.3286523558156657,-0.05710656652497852
qGmfR9CN,-0.2773488947310132,-0.05273468860171876,-0.7330385048604869,-0.26240966650004355,0.1872962758568711
qJ51ODpA,-0.29187055968011066,-0.024900296365420533,-0.09515021829573013,-0.36287467740117313,0.7641264035096883
qQX3cs3I,0.302858166553556,0.2708310551848921,1.7334460983876614,0.11681698252512734,-0.46366729120262634
qXeIxPb8,-0.4233822147948459,0.30498988607613636,-0.13911896056264297,-0.15492870793925428,0.42085435193969295
qYQ4MShM,-0.39663883527678545,0.46616686072038593,0.06803700434908022,-0.4219595886866418,0.33716536824377774
qa0etnhK,-0.33997590304522485,-0.29477015398906825,-0.3811448286317961,0.19499249222669957,-0.42566788909094444
qbL4sboq,-0.32587713235142934,0.8244426223295424,-0.5409900731088845,0.12936411359203348,-0.7483953044632251
qbYrsWHq,0.45079163850135406,0.3480234642267526,1.756184859432857,-0.2278787863371548,-0.6238356661096337
r1zmcUqQ,-0.1711874718731296,0.5588836658958986,-0.2842428300123752,-0.3793325291547082,0.2211625704715007
r54iHeQC,-0.4270096829805153,-0.27873264427003785,-0.41382503251983527,-0.5297525918665974,0.05512417093202829
r6xrAnQV,0.6618499431935131,-0.10841323657890103,1.6939213792052104,-0.2254906129732045,-0.1555277966389855
r9HxnQDg,-0.18314224320768482,0.4310171838248516,-0.26537153920372514,0.37273337431954784,0.23322164952933302
rG8Puuf9,2.618658782808181,0.3067801561919252,1.2214030152986717,0.14243419746458816,-0.7923047464224585
rGuiefuR,-0.35589475700666123,-0.20896335744165415,-0.28681215776476604,-0.430831739243099,0.3852666715688252
rJ19OhGP,-0.24171050211982933,-0.055632019338147314,-0.3645373212103972,-0.39029152436228853,0.40707942036879347
rOCYepHd,3.0553279986820137,0.4444771947135675,0.6443708166319361,1.1630361310409867,-0.3071967415478265
rQJaOPFI,-0.4047915601306915,-0.1444319656450619,0.21802438142096853,-0.38047592882748205,0.777338409803346
rQhZtZeh,-0.04409825072772187,0.1928062838843575,-0.41807134967522497,-0.42717522708545996,0.08577098336645181
rapmok0w,-0.43728385973222006,-0.30197481826119954,-0.2964382001547209,-0.7121295270218171,-0.045960981685652165
rgzfnPVu,-0.1796813418073799,0.11519868592393855,0.012794393286687484,-0.07343694292260972,0.415406620627016
ri4qhb1S,0.372775401621251,-0.21186743001294642,1.0077933977271458,-0.4986460360763021,-0.3054777211650015
rqpFYzff,-0.12549795321232168,-0.31728104352546765,-0.48620776601065263,0.42054762274674384,-0.5827166624700395
rrs22coX,-0.3886427228763773,-0.21612586474504367,-0.14893755802954828,-0.2712059983877242,0.12455821397886803
sEeUCQLc,-0.39110399709866367,0.6654942014213994,-0.4543411475627072,-0.2860445845263762,0.30667252489931274
sHScwqQl,-0.13707787232672622,-0.24887438985290397,-0.2999825195404129,-0.7060516680486735,0.6267977165598102
sNC7DiAt,-0.31637572187277535,-0.23497311366151363,0.3860246602826278,-0.6567455865186415,0.08808337987076606
sNK2TSs3,-0.32883818971328144,-0.18439023476091937,-0.021919642375680056,-0.4090409092913719,0.06013908902353979
sO7Su6uw,-0.31272253822695945,-0.18458214796960482,-0.9639835782982122,-0.5185438184749719,0.027992935532237834
sOWZx89o,-0.2881103028977746,0.6421889400233332,-0.1794139336804786,-0.2227585454276217,0.2442595709981007
sPbRcPjC,-0.41457865744085204,-0.2202539393823335,-0.07141896829683933,-0.23969002499174386,0.03658380127119346
scVUfTKI,-0.39057173175335075,-0.2787128465843328,-0.11566854689219684,-0.2077811369340109,0.830434546145812
seRaGeVv,-0.429043546037312,-0.1822235471324171,0.05823418490849179,-0.39767872737712734,0.34082632609415714
sgtwiYWi,-0.33311938776102007,-0.1956630500290826,-0.40036439960930653,-0.5550280189438397,-0.4251691329785414
sjmLHcT6,-0.2393727612625243,-0.0767457739579797,0.3275606544435534,-0.7205855110560914,0.8545767805751886
skZUZZGS,0.3578568878248638,-0.11566654634944225,-0.3037640114620993,0.38089955689719324,-0.3796843757395738
suAmzADX,-0.40932645662709083,-0.2981262656577069,-0.39191072110368763,1.5475724862603109,-0.94424992687398
t4GWLqlO,-0.24428881477712883,-0.29936439479996335,-0.1842139932133572,0.4509796287200889,-0.027615129920119125
t7gy6Jyy,-0.226390044170021,-0.33217164704510727,-0.41318062430826946,-0.35291545379484707,-0.17761606318036932
tBadzH60,1.2952473378698455,0.21939781821147425,1.7698531366461883,-0.4901544761813738,0.08116557223531096
tXUWm0hp,-0.40259037255892377,-0.05270378734508121,-0.06299507141393974,-0.4660077382299857,-0.3798981855922334
te6UPPxf,-0.41495404884675696,0.33744109797171,-0.40037205840550216,0.10287279042374735,-0.7162129135690793
ti2lamkL,2.7251041528897684,0.7028808988215108,0.8304774840913525,1.8007289444712056,-0.31543977695499553
tr0lpwuU,-0.3403363284447435,-0.3757324391135712,-0.888059440432367,-0.3380909760430871,-0.8604586438552675
ttdB5C73,0.0423214193853671,0.6262923444780124,0.25260648977743033,-0.4427847950875462,-0.07937512109336034
twS8YZu9,-0.3615405580787372,0.05381695453778857,-0.7581980076113598,-0.43920984155225157,0.5846595091499894
tx68W34H,-0.3745560409046416,0.044231525078393535,0.0816939895210917,0.14515632814177706,0.43351890846867264
tyQSX4mY,-0.35336230251272915,0.1277991223818877,0.06360260153036368,-0.3855909376702026,0.41392198333801045
tylKCRc0,-0.3755393072042903,0.9306556899687359,0.08201912392882434,-0.3669443907901372,-0.37347230181717045
u1544WUo,0.4041955183006248,-0.026307873764806762,0.4977920154733329,-0.2958996493936902,-0.496143172172508
uAw9an0d,-0.16663648682864018,1.0149253865094312,0.06924199807627952,0.23631309208370507,-0.30987849277720525
uLZAEXMG,0.5921825996289943,0.6652682970696392,1.4263078377827034,-0.2637327113578161,0.37626675353810696
uMwe1s7I,-0.24060802554635033,-0.32453960277060045,-0.34428302955495915,0.9210683816694573,-0.7654726465608606
ufhGeV3q,-0.4585844297771123,-0.22931534423945021,-0.32208965960695046,-0.5701073500127064,0.6586458569990625
uhAeGBHo,-0.1398434264310943,-0.29602372177452657,-1.043378147205122,-0.47002130312361823,-0.13975944568552368
ujHNlqpw,1.417453260599217,0.2557607867385337,1.7891430417238012,-0.3979587804376059,-0.4608513459633318
ulV6kuhB,-0.3732820331627331,0.1096322297834975,0.0501681232803685,-0.23736417330121834,0.3803149485560947
uohEnNEK,-0.2640790007158334,-0.21686789422251113,-0.9225479654889706,0.30948078161831216,-0.6249678148281982
v1lhA8I4,-0.20544176552714938,-0.33531284449544724,-0.3968748000025052,-0.44404397139879165,0.9896591495450915
v3JzigLI,-0.164723946113926,-0.2727523406393368,0.45754430844953836,-0.7614467607909954,-0.060976726213429054
v5IwjyIg,-0.4768032851356831,-0.2821690753670294,-0.8807313640062758,-0.5789930943776886,-0.6130122922812333
v6lp5TK1,0.02242225195409937,-0.3762314225087491,0.6264622926167689,-0.2245639104612322,-0.22824830109084818
v8vOaaWq,-0.4027516496262662,-0.0755868694888852,0.08018155435954034,-0.48030113899975035,-0.03968543486691079
vAYKtoil,-0.4333160809809299,0.20488272661014767,-0.3267593593861576,0.19678102977676576,-0.4823391744995468
vGTNQa6G,1.3954136333426452,0.18431155176758438,0.8362153762450233,-0.3753829020238956,0.25967126690236186
vQzNxHoL,-0.460624343291218,-0.25800867479495193,-0.4915834854052277,-0.18836708711211236,-0.7567157842550013
vfZGBUJm,-0.4116056195876122,-0.2515435883102958,-0.19050661852588374,-0.42160289913410526,0.5170062089430687
vlooVUoT,-0.28939518246695106,-0.06586087447716363,-0.8014758830454345,-0.2690700340346307,-0.05332117404308268
vrACvd4O,-0.4310019299825652,-0.2720899767563566,-0.4956749526901925,-0.2885775278398321,0.18233370545899688
w8hdjLwb,0.04900973336798455,0.0994226244576144,0.829378636124457,-0.48913281996897423,-0.22373033199680495
wAntv4gH,0.4435226182742376,0.751494283847926,1.7238274238923874,-0.28344322072339134,-0.39345276598347745
wIUL09q0,-0.3691968450953025,-0.3462471867480216,0.004189107168425734,-0.8133017034574909,1.6057197856425653
wOzx7Fgz,-0.44697280939675504,-0.36629097627974966,-0.8111655026418726,-0.5594660276730827,0.2131004993411531
wPhjhCJQ,-0.3520196290574133,0.06388575532871002,-0.454800697121479,-0.35762266018648503,0.2687258116834927
wQSWWmYB,0.0840605847618405,0.25982574716650586,0.6152152413048263,-0.10959034092653164,-0.30008855616197755
wdIMrXwy,0.5227352647873132,1.088657253465314,1.1186171513515533,-0.18598530995671816,0.13432247410860235
wiL9npQc,-0.4349764416065203,-0.2772470294213542,-0.39560893580514095,-0.5303156540532903,0.30820095579343315
wnU95Cxn,-0.428461378443738,-0.047323363855293725,0.28056834551289844,-0.6264849888543856,0.1650146903763903
wpJbbjJs,-0.1426832356071354,0.4066199704596319,-0.3922266116902556,-0.14876567146576358,-0.34301249861162075
wsOWTAbI,-0.4478834922859534,-0.3319062803630538,-0.313668512829072,-0.44155404715069907,-0.7179563938585222
wtdBcU3U,-0.401915523664961,-0.32294900024451156,0.18824594002884937,-0.6982710719364724,1.4598540516037208
wuKXVxOc,-0.10759587672887533,-0.060881302609134,-0.881442346899188,-0.17215447552098806,-0.02483190542741276
wyzadAt8,-0.4499607638558987,-0.2726799368676969,0.25917335307013634,-0.1887749796671213,-0.5390652563630092
wzaKzYwi,-0.3246536417754168,-0.33605336497975924,0.015179988031037275,-0.21227250628642233,0.49095441518046345
x6GCk4EV,-0.41400063406321597,-0.2615961182266464,-0.3247551222044517,-0.2716787072018996,0.24163577254240548
x6lUi3vf,-0.42103133344367627,-0.32129509569673925,-0.5185890119696106,-0.24302013120278482,0.19162473229177382
x8mwDHv9,-0.4286191494591142,-0.2692537357167466,-0.373648089761968,-0.18145379121964256,0.45068565651434184
xIYm6puH,-0.11372952164171361,0.5153646414822025,0.0045532042698112245,-0.13914432331275303,0.39075731365352023
xO6UdpsK,-0.16066195800886265,0.027536745578480067,0.878384552426787,-0.6770075070087637,0.550449776215672
xQ2bkOvj,-0.44456490716928665,-0.3493003221217627,0.4995116337222748,-0.6264546579704791,1.252774945499048
xeXyDCEQ,0.6499855482870279,-0.143366674072306,1.6578166468847584,0.3874937713631407,-0.7483504751901484
xrggHziO,-0.3806061225668326,-0.2807513175005789,-0.044456263875251145,-0.5047987810609751,0.44669423140520065
y1WMCmqQ,-0.3750068266636993,-0.2832290434386775,-1.0412466103028222,-0.6071148775984821,-0.29854331361014375
yDngezhM,-0.16398606478239797,-0.26666703080814685,0.2459108105852345,-0.7465205616961387,0.3261771459966173
yLiFjMD0,-0.36219567570285,0.3077276304941232,-0.781072636446157,-0.518702060478504,-0.7751379808942388
ySwEBO7w,-0.4587445738435953,-0.27340003400541657,-0.5197747224161405,-0.18199690093269127,-0.760007112954801
ydC9UsSm,-0.2962859074348599,-0.07075931728906473,-0.1314550346270747,-0.2853280083035971,-0.04660255835913245
ydEG4VBd,-0.3829991987318058,0.5341992203598237,-0.10574706439685534,-0.45175204472308933,0.4988175247450613
yf76yWXc,0.21466235546218893,0.7904173801646511,1.8153497107498078,-0.31831653752328964,-0.2691279313422938
yg70e63n,-0.35343396836989466,0.600218653177177,-0.7305770145545607,-0.45052101084133106,-0.34577977531523224
ywxtlSKv,-0.4290226301122298,0.3205176134811868,-0.6730607205101032,0.08131818747325846,-0.1446846302755198
yzKPQPOR,-0.3272514727183587,-0.36960843981405095,-0.45426644693091306,0.6646305986685378,-0.8082556665320338
z5cnOnZ1,-0.43338046633695965,-0.32426050328157213,-0.7805330958766074,-0.5306998011632368,0.5654318968846649
zFLkOE0e,-0.3572009720691395,-0.2685549971376735,-0.13843806900860028,-0.32790829983960784,0.008441922386773408
zGi72mxL,-0.4522675890382119,0.1695507900075018,-0.33444556261757824,-0.3662255083798706,0.035289930065287266
zN925UV3,-0.28140622208851385,-0.034658307978413135,-0.5727238833175047,-0.312200600132358,-0.19253362083409292
zTy2ih7e,-0.3267221266636579,-0.30276726009995325,-0.9515937695985927,-0.5930703091943069,-0.05407157377972139
zVFzAutw,-0.31052843619581566,0.3599698731941536,-0.3796424892190514,-0.1829349699497419,0.3518714270514564
zYxNAkht,-0.23934210867367525,-0.05446392549200809,0.20129027465155896,-0.634903556747118,0.39450306138253316
zaWDBai3,-0.10055777508643904,0.7105416259051677,-0.060024055959753596,0.007763849714066888,-0.2633581697988968
zg3u0Zsx,-0.32681798386026356,1.4595733812410323,-0.7402859754241045,0.14059807322962536,-0.8868103601792022
zlwLfdsS,-0.2674606016241046,-0.3421230774930391,-0.6048836848703143,0.3173586884708857,-0.4726777398386931
zmbKzVfl,-0.25495048310823176,-0.09561389893126016,-0.9564036099674604,-0.23914671312533942,0.4362720033769043
